Workbook

Sheet Leia_me
A1: Bloco 08 — Amostragem (PT 530), testes integrais e distorções simuladas (PT 450)
A2: Base SINTÉTICA para fins didáticos — resultados não são constatações sobre a CPFL Energia S.A. Preparado com apoio de IA em 23/10/2026.
A4: Sequência documentada: (1) desenho registrado no Drive antes da execução (B08_Desenho_pre_registro.md, 23/10/2026 19:54); (2) execução de testes_b08.py; (3) resposta ao resultado (avaliacao_complementar_b08.py); (4) congelamento por hash registrado no Drive (B08_congelamento.json, 19:55:53); (5) só então abertura dos arquivos reservados (aba Comparacao_pos).
A5: Cores: azul com fundo amarelo = dado de entrada ou valor calculado pelo código (fonte indicada); preto = fórmula; verde = vínculo entre abas.
A6: Abas: Desenho_MUS, Amostra_MUS, Avaliacao_MUS, Ampliacao, Testes_100, PT450_Distorcoes, Comparacao_pos, Congelamento.
A7: Limite: a mesma IA desenhou os erros e os testes; não é teste cego independente. Na simulação, o "valor auditado" de um item sorteado é obtido pelas mesmas regras T1–T3; a amostra não descobre tipos de erro fora dessas regras.

Sheet Desenho_MUS
A1: Dimensionamento da amostra por unidade monetária (MUS)
A2: Base SINTÉTICA para fins didáticos — resultados não são constatações sobre a CPFL Energia S.A. Preparado com apoio de IA em 23/10/2026.
A4: Parâmetro | B4: Valor | C4: Fundamento / natureza
A5: Valor contábil da população (R$) | B5: 29623619000 | C5: Base registrada conciliada (Bloco 07)
A6: Distorção tolerável — DT (R$) | B6: 303421730 | C6: Igual a materialidade de execucao (NBC TA 530 A3; D-B04-01). Julgamento didatico.
A7: Risco de aceitação incorreta | B7: 0.05 | C7: Risco significativo R01, sem confianca em controles (nao testados): seguranca alta exigida do teste de detalhes. Julgamento didatico.
A8: Distorção esperada — DE (R$) | B8: 45513260 | C8: 15% da distorcao toleravel: primeira auditoria (didatica), estimativa complexa nivel 3, cadastro de bens com historico setorial de baixas tardias. Julgamento didatico, definido antes de qualquer teste.
A9: Fator de expansão — FE | B9: 1.6 | C9: AICPA Audit Guide - Audit Sampling, tabela de fatores de expansao para 5% de risco (literatura, nao requisito normativo)
A10: Fator de confiança para 0 erros — FC | B10: =CHIINV(B7,2)/2 -> 2.9957323 | C10: Limite superior de Poisson: qui-quadrado (95%; 2 g.l.) ÷ 2
A11: Tamanho n = VC × FC ÷ (DT − DE × FE) | B11: =ROUNDUP(B5*B10/(B6-B8*B9),0) -> 385 | C11: Cálculo (literatura AICPA; NBC TA 530 item 7 e A10–A11)
A12: Intervalo amostral J = VC ÷ n (R$) | B12: =B5/B11 -> 76944465 | C12: Cálculo
A13: Ponto inicial aleatório (R$) | B13: 26922278 | C13: random.Random(2310200698).uniform(0, J)
A14: Itens ≥ J (seleção integral) | B14: 0 | C14: Nenhum: maior item ≈ R$ 3,6 milhões
A15: Itens selecionados mais de uma vez | B15: 0 | C15: Regra: testar uma vez
A16: Conferência: n do código | B16: 385 | C16: Deve ser igual a B11
A17: Diferença (B11 − B16) | B17: =B11-B16 -> 0 | C17: Deve ser 0

Sheet Amostra_MUS
A1: Amostra MUS (385 itens) — resultados por item
A2: Base SINTÉTICA para fins didáticos — resultados não são constatações sobre a CPFL Energia S.A. Preparado com apoio de IA em 23/10/2026.
A4: Ordem | B4: id_registro | C4: Distribuidora | D4: Categoria cadastrada | E4: Valor registrado (R$) | F4: Valor auditado simulado (R$) | G4: Distorção (R$) | H4: Taint | I4: Distorção projetada (R$) | J4: Resultado
A5: 1 | B5: AFC-SIM-0000455 | C5: CPFL Santa Cruz | D5: Transformadores | E5: 49314.87 | F5: 49314.87 | G5: =E5-F5 -> 0 | H5: =G5/E5 -> 0 | I5: =H5*Desenho_MUS!$B$12 -> 0 | J5: Sem excecao
A6: 2 | B6: AFC-SIM-0001693 | C6: CPFL Paulista | D6: Subestacoes | E6: 1732493.1 | F6: 1732493.1 | G6: =E6-F6 -> 0 | H6: =G6/E6 -> 0 | I6: =H6*Desenho_MUS!$B$12 -> 0 | J6: Sem excecao
A7: 3 | B7: AFC-SIM-0002809 | C7: CPFL Paulista | D7: Subestacoes | E7: 1161549.1 | F7: 1161549.1 | G7: =E7-F7 -> 0 | H7: =G7/E7 -> 0 | I7: =H7*Desenho_MUS!$B$12 -> 0 | J7: Sem excecao
A8: 4 | B8: AFC-SIM-0004142 | C8: CPFL Piratininga | D8: Subestacoes | E8: 2694333.6 | F8: 2694333.6 | G8: =E8-F8 -> 0 | H8: =G8/E8 -> 0 | I8: =H8*Desenho_MUS!$B$12 -> 0 | J8: Sem excecao
A9: 5 | B9: AFC-SIM-0005511 | C9: CPFL Paulista | D9: Transformadores | E9: 83986.17 | F9: 83986.17 | G9: =E9-F9 -> 0 | H9: =G9/E9 -> 0 | I9: =H9*Desenho_MUS!$B$12 -> 0 | J9: Sem excecao
A10: 6 | B10: AFC-SIM-0006564 | C10: RGE | D10: Transformadores | E10: 128619.85 | F10: 128619.85 | G10: =E10-F10 -> 0 | H10: =G10/E10 -> 0 | I10: =H10*Desenho_MUS!$B$12 -> 0 | J10: Sem excecao
A11: 7 | B11: AFC-SIM-0007746 | C11: RGE | D11: Redes de distribuicao | E11: 30503.66 | F11: 30503.66 | G11: =E11-F11 -> 0 | H11: =G11/E11 -> 0 | I11: =H11*Desenho_MUS!$B$12 -> 0 | J11: Sem excecao
A12: 8 | B12: AFC-SIM-0008980 | C12: RGE | D12: Transformadores | E12: 96569.08 | F12: 96569.08 | G12: =E12-F12 -> 0 | H12: =G12/E12 -> 0 | I12: =H12*Desenho_MUS!$B$12 -> 0 | J12: Sem excecao
A13: 9 | B13: AFC-SIM-0010282 | C13: CPFL Paulista | D13: Transformadores | E13: 163699.11 | F13: 163699.11 | G13: =E13-F13 -> 0 | H13: =G13/E13 -> 0 | I13: =H13*Desenho_MUS!$B$12 -> 0 | J13: Sem excecao
A14: 10 | B14: AFC-SIM-0011514 | C14: CPFL Paulista | D14: Transformadores | E14: 46794.19 | F14: 46794.19 | G14: =E14-F14 -> 0 | H14: =G14/E14 -> 0 | I14: =H14*Desenho_MUS!$B$12 -> 0 | J14: Sem excecao
A15: 11 | B15: AFC-SIM-0012776 | C15: RGE | D15: Redes de distribuicao | E15: 66605.33 | F15: 66605.33 | G15: =E15-F15 -> 0 | H15: =G15/E15 -> 0 | I15: =H15*Desenho_MUS!$B$12 -> 0 | J15: Sem excecao
A16: 12 | B16: AFC-SIM-0014022 | C16: CPFL Paulista | D16: Subestacoes | E16: 1339874.2 | F16: 1339874.2 | G16: =E16-F16 -> 0 | H16: =G16/E16 -> 0 | I16: =H16*Desenho_MUS!$B$12 -> 0 | J16: Sem excecao
... A389: 385 | B389: AFC-SIM-0500181 | C389: CPFL Paulista | D389: Postes e estruturas | E389: 24383.92 | F389: 24383.92 | G389: =E389-F389 -> 0 | H389: =G389/E389 -> 0 | I389: =H389*Desenho_MUS!$B$12 -> 0 | J389: Sem excecao
A390: Total | E390: =SUM(E5:E389) -> 2.9053065e+08 | F390: =SUM(F5:F389) -> 2.8899594e+08 | G390: =SUM(G5:G389) -> 1534709.6 | I390: =SUM(I5:I389) -> 2.8123974e+08
A391: Itens com distorção | G391: =COUNTIF(G5:G389,"<>0") -> 6

Sheet Avaliacao_MUS
A1: Avaliação da amostra — projeção e limite superior de distorção (Stringer, Poisson 95%)
A2: Base SINTÉTICA para fins didáticos — resultados não são constatações sobre a CPFL Energia S.A. Preparado com apoio de IA em 23/10/2026.
A4: Superavaliações ordenadas por taint | B4: Taint | C4: Fator UL(k) | D4: Incremento do fator | E4: Projeção (taint × J) | F4: Componente do limite
A5: Precisão básica (0 erros) | B5: 1 | C5: =CHIINV(Desenho_MUS!$B$7,2)/2 -> 2.9957323 | D5: =C5 -> 2.9957323 | F5: =Desenho_MUS!$B$12*C5 -> 2.3050502e+08
A6: 1ª maior | B6: =LARGE(Amostra_MUS!$H$5:$H$389,1) -> 1 | C6: =CHIINV(Desenho_MUS!$B$7,4)/2 -> 4.7438645 | D6: =C6-C5 -> 1.7481322 | E6: =B6*Desenho_MUS!$B$12 -> 76944465 | F6: =B6*D6*Desenho_MUS!$B$12 -> 1.345091e+08
A7: 2ª maior | B7: =LARGE(Amostra_MUS!$H$5:$H$389,2) -> 1 | C7: =CHIINV(Desenho_MUS!$B$7,6)/2 -> 6.2957936 | D7: =C7-C6 -> 1.5519291 | E7: =B7*Desenho_MUS!$B$12 -> 76944465 | F7: =B7*D7*Desenho_MUS!$B$12 -> 1.1941235e+08
A8: 3ª maior | B8: =LARGE(Amostra_MUS!$H$5:$H$389,3) -> 1 | C8: =CHIINV(Desenho_MUS!$B$7,8)/2 -> 7.7536565 | D8: =C8-C7 -> 1.4578629 | E8: =B8*Desenho_MUS!$B$12 -> 76944465 | F8: =B8*D8*Desenho_MUS!$B$12 -> 1.1217448e+08
A9: 4ª maior | B9: =LARGE(Amostra_MUS!$H$5:$H$389,4) -> 1 | C9: =CHIINV(Desenho_MUS!$B$7,10)/2 -> 9.153519 | D9: =C9-C8 -> 1.3998625 | E9: =B9*Desenho_MUS!$B$12 -> 76944465 | F9: =B9*D9*Desenho_MUS!$B$12 -> 1.0771167e+08
A10: Distorção projetada (superavaliação) | E10: =SUM(E6:E9) -> 3.0777786e+08
A11: Limite superior de distorção — UML | F11: =SUM(F5:F9) -> 7.0431262e+08
A12: Distorção tolerável — DT | F12: =Desenho_MUS!B6 -> 303421730
A13: UML − DT (positivo = excede) | F13: =F11-F12 -> 4.0089089e+08
A14: Conclusão pela regra de decisão | F14: =IF(F11<=F12,"UML <= DT","UML > DT: ampliar procedimentos") -> UML > DT: ampliar procedimentos
A15: Conferência com o código (UML) | F15: 7.0431262e+08
A17: Subavaliações na amostra (projeção informativa) | E17: =SUMIF(Amostra_MUS!I5:I389,"<0") -> -26538116 | F17: MUS não é desenhado para subavaliação; coberta pelo T3 (100%)

Sheet Testes_100
A1: Procedimentos integrais (100% da população) — distorções conhecidas
A2: Base SINTÉTICA para fins didáticos — resultados não são constatações sobre a CPFL Energia S.A. Preparado com apoio de IA em 23/10/2026.
A4: Teste | B4: Descrição | C4: Itens | D4: Efeito no saldo (R$) | E4: Afirmação / natureza
A5: T1 | B5: Bens duplicados (id_bem_tecnico repetido) — registro excedente | C5: 1000 | D5: 59975200 | E5: Existência — factual (na simulação)
A6: T2 | B6: BAIXADO com valor registrado | C6: 1000 | D6: 56070251 | E6: Existência / direitos — factual
A7: T3+ | B7: Recálculo: superavaliação (> 1%) | C7: 1000 | D7: 8250695.9 | E7: Avaliação — factual
A8: T3− | B8: Recálculo: subavaliação (< −1%) | C8: 1000 | D8: -6811809.1 | E8: Avaliação — factual
A9: T4 | B9: Residual incoerente com a categoria cadastrada | C9: 996 | D9: 0 | E9: Classificação — sem efeito no saldo total
B10: Superavaliação conhecida bruta (T1 + T2 + T3+) | D10: =D5+D6+D7 -> 1.2429615e+08
B11: Subavaliação conhecida (T3−) | D11: =D8 -> -6811809.1
B12: Distorção conhecida líquida | D12: =D10+D11 -> 1.1748434e+08
B13: Conferência com o código | D13: 1.1748434e+08

Sheet Ampliacao
A1: Resposta ao resultado do MUS: população residual e amostra ampliada
A2: Base SINTÉTICA para fins didáticos — resultados não são constatações sobre a CPFL Energia S.A. Preparado com apoio de IA em 23/10/2026.
A4: Item | B4: Valor | C4: Fundamento
A5: Superavaliação conhecida bruta (R$) | B5: =Testes_100!D10 -> 1.2429615e+08 | C5: Classes identificadas em 100% (NBC TA 530 item 12)
A6: Distorção tolerável — DT (R$) | B6: =Desenho_MUS!B6 -> 303421730
A7: Folga para distorção não detectada (R$) | B7: =B6-B5 -> 1.7912558e+08 | C7: DT − conhecida
A8: Fator de confiança (0 erros) | B8: =Desenho_MUS!B10 -> 2.9957323
A9: População residual (R$) | B9: 2.9379887e+10 | C9: Exclui 4000 registros sinalizados por T1/T2/T3
A10: Tamanho ampliado n2 = ROUNDUP(VC residual × FC ÷ folga) | B10: =ROUNDUP(B9*B8/B7,0) -> 492 | C10: Cálculo
A11: Intervalo J2 = VC residual ÷ n2 (R$) | B11: =B9/B10 -> 59715218 | C11: Cálculo
A12: Distorções na amostra ampliada | B12: 0 | C12: 492 itens; 2 com incoerência de categoria (T4), sem efeito monetário; semente 2310200699
A13: UML residual = FC × J2 (R$) | B13: =B8*B11 -> 1.788908e+08 | C13: Zero distorções
A14: Superavaliação conhecida + UML residual (R$) | B14: =B5+B13 -> 3.0318695e+08
A15: Comparação com DT | B15: =IF(B14<=B6,"<= DT: base razoável para concluir (NBC TA 530 item 15)","> DT") -> <= DT: base razoável para concluir (NBC TA 530 item 15)
A16: Conferência com o código (n2) | B16: 492

Sheet PT450_Distorcoes
A1: PT 450 (parcela simulada) — acumulação e avaliação das distorções da base sintética
A2: Base SINTÉTICA para fins didáticos — resultados não são constatações sobre a CPFL Energia S.A. Preparado com apoio de IA em 23/10/2026.
A4: Distorção (classe) | B4: Valor (R$) | C4: % do trivial | D4: % da execução | E4: % da global | F4: Tipo (NBC TA 450 A6) / tratamento
A5: Materialidade global (R$) | B5: 404562300 | F5: D-B04-01
A6: Materialidade de execução (R$) | B6: 303421730 | F6: D-B04-01
A7: Claramente trivial (R$) | B7: 20228120 | F7: D-B04-01
A9: Duplicidades (T1) | B9: =Testes_100!D5 -> 59975200 | C9: =B9/$B$7 -> 2.9649419 | D9: =B9/$B$6 -> 0.19766284 | E9: =B9/$B$5 -> 0.14824713 | F9: Factual na simulação; acumular (A2: não trivial em conjunto)
A10: Bens baixados mantidos (T2) | B10: =Testes_100!D6 -> 56070251 | C10: =B10/$B$7 -> 2.7718963 | D10: =B10/$B$6 -> 0.18479313 | E10: =B10/$B$5 -> 0.13859485 | F10: Factual; acumular
A11: Superavaliação de valor (T3+) | B11: =Testes_100!D7 -> 8250695.9 | C11: =B11/$B$7 -> 0.40788249 | D11: =B11/$B$6 -> 0.027192172 | E11: =B11/$B$5 -> 0.020394129 | F11: Factual; acumular
A12: Subavaliação de valor (T3−) | B12: =Testes_100!D8 -> -6811809.1 | C12: =B12/$B$7 -> -0.33674949 | D12: =B12/$B$6 -> -0.022449971 | E12: =B12/$B$5 -> -0.016837479 | F12: Factual; acumular (efeito oposto)
A13: Classificação de categoria (T4) | B13: 0 | C13: =B13/$B$7 -> 0 | D13: =B13/$B$6 -> 0 | E13: =B13/$B$5 -> 0 | F13: Sem efeito no saldo; categoria não é divulgada nas DF — avaliar por natureza (A5)
A14: Total líquido acumulado | B14: =SUM(B9:B13) -> 1.1748434e+08 | C14: =B14/$B$7 -> 5.8079712 | D14: =B14/$B$6 -> 0.38719817 | E14: =B14/$B$5 -> 0.29039863 | F14: Superavaliação líquida do ativo financeiro da concessão
A15: Superavaliação bruta (T1 + T2 + T3+) | B15: =SUM(B9:B11) -> 1.2429615e+08 | D15: =B15/$B$6 -> 0.40964814 | F15: Gatilho D-B04-01: reduzir execução se > 50% da execução
A16: Gatilho D-B04-01 acionado? | B16: =IF(D15>0.5,"SIM — reduzir execução para 60%","NÃO") -> NÃO
A17: Margem para distorção não detectada (UML residual) | B17: =Ampliacao!B13 -> 1.788908e+08 | D17: =B17/$B$6 -> 0.58957809 | F17: Risco de amostragem (não é distorção)
A18: Conhecida bruta + margem | B18: =B15+B17 -> 3.0318695e+08 | D18: =B18/$B$6 -> 0.99922623 | E18: =B18/$B$5 -> 0.74941969 | F18: Comparar com execução e global
A20: LAIR consolidado 2025 (R$) | B20: 8091246000 | F20: DF25 DRE p. 36/4
A21: Efeito no LAIR se a contrapartida for resultado (R$) | B21: =B14 -> 1.1748434e+08 | E21: =B21/B20 -> 0.014519932 | F21: % do LAIR (col. E)
A23: Conclusão (simulada) | B23: =IF(B14<B6,"Distorção líquida abaixo da execução e da global: não relevante isoladamente; comunicar à administração e solicitar correção (450 item 8)","Avaliar relevância") -> Distorção líquida abaixo da execução e da global: não relevante isoladamente; comunicar à administração e solicitar correção (450 item 8)

Sheet Comparacao_pos
A1: Comparação com o registro reservado de erros — feita APÓS o congelamento (19:55:53)
A2: Base SINTÉTICA para fins didáticos — resultados não são constatações sobre a CPFL Energia S.A. Preparado com apoio de IA em 23/10/2026.
A4: Teste × tipo de erro | B4: Sinalizados | C4: Verdadeiros | D4: Detectados | E4: Omitidos | F4: Falsos positivos | G4: Taxa de detecção
A5: T1 duplicidade (nível de par) | B5: 1000 | C5: 1000 | D5: 1000 | E5: 0 | F5: 0 | G5: =D5/C5 -> 1
A6: T2 baixado mantido | B6: 1000 | C6: 1000 | D6: 1000 | E6: 0 | F6: 0 | G6: =D6/C6 -> 1
A7: T3 superavaliação | B7: 1000 | C7: 1000 | D7: 1000 | E7: 0 | F7: 0 | G7: =D7/C7 -> 1
A8: T3 subavaliação | B8: 1000 | C8: 1000 | D8: 1000 | E8: 0 | F8: 0 | G8: =D8/C8 -> 1
A9: T4 classificação incorreta | B9: 996 | C9: 1000 | D9: 996 | E9: 4 | F9: 0 | G9: =D9/C9 -> 0.996
A11: T1: convenção "id maior = excedente" acertou o registro | B11: 497 | C11: 1000 | G11: =B11/C11 -> 0.497
A13: Efeito monetário por tipo | B13: Estimado (R$) | C13: Verdadeiro (R$) | D13: Diferença (R$)
A14: DUPLICIDADE_CADASTRAL | B14: 59975200 | C14: 59975200 | D14: =B14-C14 -> 0
A15: BAIXADO_MANTIDO | B15: 56070251 | C15: 56070251 | D15: =B15-C15 -> 0
A16: SUPERAVALIACAO | B16: 8250695.9 | C16: 8250695.9 | D16: =B16-C16 -> 0
A17: SUBAVALIACAO | B17: -6811809.1 | C17: -6811809.1 | D17: =B17-C17 -> 0.02
A18: CLASSIFICACAO_INCORRETA | B18: 0 | C18: 0 | D18: =B18-C18 -> 0
A19: Total | B19: =SUM(B14:B18) -> 1.1748434e+08 | C19: =SUM(C14:C18) -> 1.1748434e+08 | D19: =B19-C19 -> 0.020000011
A21: MUS × verdade | B21: Valor (R$)
A22: Superavaliação verdadeira bruta | B22: 1.2429615e+08
A23: Projeção do desenho original | B23: 3.0777786e+08
A24: UML do desenho original | B24: 7.0431262e+08
A25: Conhecida + UML residual | B25: 3.0318695e+08
A26: Erro da projeção (projeção − verdade) | B26: =B23-B22 -> 1.8348171e+08
A27: UML cobre a verdade? | B27: =IF(B24>=B22,"SIM","NÃO") -> SIM
A28: Saldo de referência sem erros (ponte) | B28: 2.9506135e+10
A29: Ponte: publicado − efeito total = referência | B29: =29623619000-C19-B28 -> 0 | G29: Deve ser ~0 (centavos)
A31: Omissões do T4 (4): bens totalmente depreciados (residual no piso 0,01) — o residual não distingue a categoria. Limitação do teste; não foi ajustado após ver o resultado.

Sheet Congelamento
A1: Hashes congelados antes da abertura dos reservados
A2: Base SINTÉTICA para fins didáticos — resultados não são constatações sobre a CPFL Energia S.A. Preparado com apoio de IA em 23/10/2026.
A4: Arquivo | B4: SHA-256
A5: Congelado em | B5: 2026-10-23T19:55:39 (registro no Drive 23/10/2026 19:55:53 −03)
A6: Desenho registrado no Drive | B6: 23/10/2026 19:54:18 −03 (antes da execução às 19:54:28)
A7: B08_Desenho_pre_registro.md | B7: f5097cc6b7b3f27c086cc42d3ad450c3fec117f7650002eec36db4c884c3e8d4
A8: parametros_b08.json | B8: 72df419dbf2b66fef3948b83ac443afbf237f681c562fea71424f5922d9bc0df
A9: testes_b08.py | B9: 74af872f9599ce61651f4e0735415e5bb18bfe2e070d978d7914166b87d504b2
A10: avaliacao_complementar_b08.py | B10: 99a9944e3154f0c7a228f0eb349a44cce03608bd585259076541bf0f65ec82e4
A11: saida_b08/MUS_amostra_resultados.csv | B11: f681a63763e1afb5a14b79f92fc49ba4988b47e32ca9781773b71dc425bf53be
A12: saida_b08/MUS_ampliacao_residual.csv | B12: aa4fb53d279d77ac20d2587c5ddc7214a42bad582dbd70fa0fd9295381bafdbf
A13: saida_b08/T1_duplicidades.csv | B13: 5b44a25b9239a200c19e9c3476f2ad6afa1f1d629c79ca7e1dfcf809a6d0b0b6
A14: saida_b08/T2_baixados_com_valor.csv | B14: f7c2c123f16a6499a233740349c163d815fdd57e335972dee562c86401ce3a51
A15: saida_b08/T3_recalculo_divergente.csv | B15: e63489d299450916d50ae2e777ef220a3e7c652f2cdf8c34e49984c7cea26401
... A22: Reservado: ponte (hash conferiu na abertura) | B22: 7eabcc92f3d2e888fe90cba6e4992b06627d42260229359a29c2f57c4ebe3b32
